Model,Val_AUC,Val_Precision,Val_Recall,Val_F1,Test_AUC,Test_Precision,Test_Recall,Test_F1
Logistic Regression,0.6914849856026326,0.16216216216216217,0.7058823529411765,0.26373626373626374,0.7536363636363638,0.17204301075268819,0.8,0.2831858407079646
Random Forest,0.6655697243932538,0.16666666666666666,0.058823529411764705,0.08695652173913045,0.7472727272727273,0.29411764705882354,0.25,0.27027027027027023
XGBoost,0.5030851501439737,0.0,0.0,0.0,0.7127272727272727,0.3333333333333333,0.15,0.20689655172413793
LightGBM,0.4467297408473879,0.0,0.0,0.0,0.7370454545454546,0.16666666666666666,0.15,0.15789473684210525
CatBoost,0.6083916083916083,0.2,0.058823529411764705,0.0909090909090909,0.6831818181818181,0.1,0.05,0.06666666666666667
