Model,Val_RMSE,Val_MAE,Val_R2,Test_RMSE,Test_MAE,Test_R2
OLS Regression,0.11968201320200735,0.09529520759310281,0.04029600050708748,0.1221783607561636,0.09647397490947703,0.0019380582431319793
Random Forest,0.11977726257248979,0.09641854277139919,0.038767824729872946,0.11909579921781506,0.09525615066820867,0.05166496843294466
XGBoost,0.12529670287092173,0.10122170290419945,-0.05186212745607932,0.12708833929386326,0.10152556842078372,-0.07989198211451431
LightGBM,0.12743486430085404,0.10243445782329523,-0.08806804135342383,0.1272705715152874,0.1015532915501461,-0.08299112095727024
CatBoost,0.1233537687249421,0.09991785017978294,-0.019493304973946746,0.12198140536467893,0.0968646299462316,0.005153279625153995
