Strategy,IPOs Invested,Mean Return (%),Std Dev (%),Sharpe Ratio,Total Return (%),Starting Capital ($),Final Value ($),Profit/Loss ($)
Naive (All IPOs),240,10.676385604462281,12.229692751558668,0.8729888658160755,10.676385604462281,1000000,1106763.8560446228,106763.85604462284
Avoid High-Risk,147,13.091935112252173,11.043563191674501,1.1854810702873413,13.091935112252173,1000000,1130919.3511225218,130919.3511225218
Top Quartile,60,14.152548859223396,10.988503904700629,1.2879413778220765,14.152548859223396,1000000,1141525.488592234,141525.48859223397
Combined,53,14.40882222704413,11.279017450959278,1.2774891332239815,14.40882222704413,1000000,1144088.2222704415,144088.22227044147
